{
   "entries": [{
         "day": "Wed",
         "date": "12",
         "title": "Quarterly Staff Review",
         "summary": "Review sales staff with Mike, John, Sally",
         "location": "Piccadily Circus",
         "address": "London, SW12 3RT",
         "attending": "+ 12 more"
      },
      {
         "day": "Thu",
         "date": "22",
         "title": "Yearly Budget Review",
         "summary": "Budget meeting with Patrick and Debbie",
         "location": "South Bank Events Hall",
         "address": "London, SE4 7EH",
         "attending": "+ 8 more"
      },
      {
         "day": "Mon",
         "date": "28",
         "title": "Summer Staff Party",
         "summary": "Yearly company summer party",
         "location": "8 Northumberland Avenue",
         "address": "London, SW12 3RT",
         "attending": "+ 32 more"
      }
   ]
}