{
   "entries": [{
         "letter": "O",
         "title": "Order #123-5567",
         "summary": "Placed by John Doe at 11:23 AM",
         "time": "2min"
      },
      {
         "letter": "M",
         "title": "Mike Johnston",
         "summary": "Hi Jack, can we setup a meeting...",
         "time": "1 hr"
      },
      {
         "letter": "D",
         "title": "Daily Backup",
         "summary": "Backup completed at 11:59 PM",
         "time": "3hr"
      },
      {
         "letter": "E",
         "title": "Event: Staff Review",
         "summary": "Monthly staff review starts in...",
         "time": "4hr"
      },
      {
         "letter": "O",
         "title": "Order #123-3322",
         "summary": "Placed by Sally Smith at 10:07 AM",
         "time": "1d"
      }
   ]
}