{
    "entries": [
        {
           "id": "#1234-5679",
           "billing": "Patria Nelson",
           "date": "24th June, 2021",
           "payment-type": "ri-visa-line",
           "payment": "**** 6789",
           "items": 5,
           "amount": "$123.99",
           "status-class": "success",
           "status": "completed" 
        },
        {
            "id": "#1235-7755",
            "billing": "Dominic Patterson",
            "date": "22nd June, 2021",
            "payment-type": "ri-mastercard-fill",
            "payment": "**** 1233",
            "items": 3,
            "amount": "$44.99",
            "status-class": "info",
            "status": "processing" 
         },
         {
            "id": "#1236-6579",
            "billing": "Steven Smith",
            "date": "21st June, 2021",
            "payment-type": "ri-paypal-line",
            "payment": "**** 7766",
            "items": 2,
            "amount": "$145.99",
            "status-class": "danger",
            "status": "cancelled" 
         },
         {
            "id": "#1237-1122",
            "billing": "Courtney Lawes",
            "date": "19th June, 2021",
            "payment-type": "ri-mastercard-fill",
            "payment": "**** 9087",
            "items": 32,
            "amount": "$1678.99",
            "status-class": "success",
            "status": "completed" 
         },
         {
            "id": "#1238-4433",
            "billing": "Haley Jackson",
            "date": "19th June, 2021",
            "payment-type": "ri-visa-line",
            "payment": "**** 6789",
            "items": 5,
            "amount": "$123.99",
            "status-class": "success",
            "status": "completed" 
         },
         {
             "id": "#1239-8865",
             "billing": "Sairaj Tackoo",
             "date": "18th June, 2021",
             "payment-type": "ri-mastercard-fill",
             "payment": "**** 1233",
             "items": 3,
             "amount": "$44.99",
             "status-class": "info",
             "status": "processing" 
          }         
    ]
}